SPECIES_CD,FAMILY,SCINAME,COMNAME,LC,LM,WLEN_A,WLEN_B
ABU SAXA,Pomacentridae,Abudefduf saxatilis,Sergeant Major,NA,NA,1.64E-05,3.142
ACA ASPE,Chaenopsidae,Acanthemblemaria aspera,Roughhead Blenny,NA,NA,8.40E-06,2.962
ACA BAHI,Acanthuridae,Acanthurus bahianus,Ocean Surgeon,NA,NA,2.50E-05,2.9752
ACA CHAP,Chaenopsidae,Acanthemblemaria chaplini,Papillose Blenny,NA,NA,8.40E-06,2.962
ACA CHIR,Acanthuridae,Acanthurus chirurgus,Doctorfish,NA,NA,1.20E-06,3.532790894
ACA COER,Acanthuridae,Acanthurus coeruleus,Blue Tang,NA,NA,6.18E-05,2.834578168
ACA MARI,Chaenopsidae,Acanthemblemaria maria,Secretary Blenny,NA,NA,8.40E-06,2.962
ACA POLY,Ostraciidae,Acanthostracion polygonia,Honeycomb Cowfish,NA,NA,1.79E-05,3
ACA QUAD,Ostraciidae,Acanthostracion quadricornis,Scrawled Cowfish,NA,NA,9.55E-05,2.2629
ACA SOLA,NA,Acanthocybium solandri,Wahoo,NA,NA,NA,NA
ACA SPE.,Acanthuridae,Acanthurus sp.,Surgeonfish Species,NA,NA,2.39E-05,2.9435
ACA SPIN,Chaenopsidae,Acanthemblemaria spinosa,Spinyhead Blenny,NA,NA,8.40E-06,2.962
AET NARI,Myliobatidae,Aetobatus narinari,Spotted Eagle Ray,NA,NA,4.37E-06,3.13
AHL EGMO,Ophichthidae,Ahlia egmontis,Key Worm Eel,NA,NA,9.89E-07,3.005
ALB VULP,NA,Albula vulpes,Bonefish,NA,NA,NA,NA
ALE CILI,Carangidae,Alectis ciliaris,African Pompano,NA,NA,5.82E-05,2.85
ALP AFER,Serranidae,Alphestes afer,Mutton Hamlet,NA,NA,1.52E-05,3.0038
ALU MONO,Monacanthidae,Aluterus monoceros,Unicorn Filefish,NA,NA,2.13E-05,2.96
ALU SCHO,Monacanthidae,Aluterus schoepfii,Orange Filefish,NA,NA,6.90E-06,3
ALU SCRI,Monacanthidae,Aluterus scriptus,Scrawled Filefish,NA,NA,2.20E-06,3
ALU SPE.,Monacanthidae,Aluterus sp.,Filefish Species,NA,NA,6.91E-06,2.9867
AMB PINO,Cirrhitidae,Amblycirrhitus pinos,Redspotted Hawkfish,NA,NA,9.74E-07,3.426590715
ANC LYOL,Engraulidae,Anchoa lyolepis,Dusky Anchovy,NA,NA,3.72E-06,3.1694
ANI SURI,Haemulidae,Anisotremus surinamensis,Black Margate,20,NA,2.39E-06,3.391648512
ANI VIRG,Haemulidae,Anisotremus virginicus,Porkfish,22,23.1,1.01E-05,3.167407164
ANT OCEL,Antennariidae,Antennarius ocellatus,Ocellated Frogfish,NA,NA,5.10E-06,3
APO AURO,Apogonidae,Apogon aurolineatus,Bridle Cardinalfish,NA,NA,1.04E-05,3.1295
APO BINO,Apogonidae,Apogon binotatus,Barred Cardinalfish,NA,NA,1.04E-05,3.1295
APO MACU,Apogonidae,Apogon maculatus,Flamefish,NA,NA,1.33E-05,3.073
APO PHEN,Apogonidae,Apogon phenax,Mimic Cardinalfish,NA,NA,1.04E-05,3.1295
APO PSEU,Apogonidae,Apogon pseudomaculatus,Twospot Cardinalfish,NA,NA,2.28E-05,2.943
APO QUAD,Apogonidae,Apogon quadrisquamatus,Sawcheek Cardinalfish,NA,NA,1.04E-05,3.1295
APO TOWN,Apogonidae,Apogon townsendi,Belted Cardinalfish,NA,NA,1.04E-05,3.1295
ARC PROB,Sparidae,Archosargus probatocephalus,Sheepshead,NA,NA,2.67E-05,3.045
ARC RHOM,Sparidae,Archosargus rhomboidalis,Sea Bream,NA,NA,1.42E-05,3.1021
AST GUTT,NA,Astroscopus guttatus,Northern Stargazer,NA,NA,NA,NA
AST PUNC,Apogonidae,Astrapogon puncticulatus,Blackfin Cardinalfish,NA,NA,1.42E-05,3.077
AST SPE.,Apogonidae,Astrapogon sp.,Cardinalfish Species,NA,NA,1.42E-05,3.077
AST STEL,Apogonidae,Astrapogon stellatus,Conchfish,NA,NA,1.42E-05,3.077
ATH STIP,Atherinidae,Atherinomorus stipes,Hardhead Silverside,NA,NA,5.06E-06,3.1938
AUL MACU,Aulostomidae,Aulostomus maculatus,Atlantic Trumpetfish,NA,NA,4.18E-07,3.3334
BAL CAPR,Balistidae,Balistes capriscus,Gray Triggerfish,30,NA,2.91E-05,2.935218674
BAL SPE.,Balistidae,Balistes sp.,Triggerfish Species,NA,NA,4.21E-05,2.8602
BAL VETU,Balistidae,Balistes vetula,Queen Triggerfish,NA,NA,2.73E-05,2.990264014
BEL SPE.,NA,Needlefish sp.,Needlefish Species,NA,NA,NA,NA
BLE SPE.,Gobiidae,Blenny sp.,Blenny Species,NA,NA,1.45E-05,2.987
BOD PULC,Labridae,Bodianus pulchellus,Spotfin Hogfish,7.5,NA,2.01E-05,2.9992
BOD RUFU,Labridae,Bodianus rufus,Spanish Hogfish,5,NA,1.28E-05,3.053
BOL BOQU,NA,Bollmannia boqueronensis,White Eye Goby,NA,NA,NA,NA
BOT LUNA,Bothidae,Bothus lunatus,Peacock Flounder,NA,NA,6.34E-06,3.189410576
BOT OCEL,Bothidae,Bothus ocellatus,Eyed Flounder,NA,NA,4.34E-06,3.226
BRO BARB,NA,Brotula barbata,Atlantic Bearded Brotula,NA,NA,NA,NA
CAL BAJO,Sparidae,Calamus bajonado,Jolthead Porgy,22,NA,6.68E-05,2.8175
CAL CALA,Sparidae,Calamus calamus,Saucereye Porgy,20,NA,6.79E-05,2.8009
CAL LEUC,NA,Calamus leucosteus,Whitebone Porgy,NA,NA,NA,NA
CAL NODO,Sparidae,Calamus nodosus,Knobbed Porgy,NA,NA,5.71E-06,3.13
CAL PENN,Sparidae,Calamus penna,Sheepshead Porgy,NA,NA,0.000165994,2.663
CAL PROR,Sparidae,Calamus proridens,Littlehead Porgy,NA,NA,2.41E-05,3
CAL SPE.,Sparidae,Porgy sp.,Porgy Species,NA,NA,6.08E-05,2.8662
CAN MACR,Monacanthidae,Cantherhines macrocerus,Whitespotted Filefish,NA,NA,0.000124613,2.6534
CAN PULL,Monacanthidae,Cantherhines pullus,Orangespotted Filefish,NA,NA,0.000186733,2.5632
CAN ROST,Tetraodontidae,Canthigaster rostrata,Sharpnose Puffer,NA,NA,2.51E-05,2.9219
CAN SUFF,Balistidae,Canthidermis sufflamen,Ocean Triggerfish,36,NA,1.55E-05,3.055379087
CAR BART,Carangidae,Caranx bartholomaei,Yellow Jack,30,NA,3.20E-05,2.908507846
CAR CRYS,Carangidae,Caranx crysos,Blue Runner,NA,NA,0.000106987,2.69
CAR FALC,Carcharhinidae,Carcharhinus falciformis,Silky Shark,NA,NA,8.80E-06,3.06
CAR HIPP,Carangidae,Caranx hippos,Crevalle Jack,NA,NA,9.55E-05,2.734448643
CAR LATU,Carangidae,Caranx latus,Horse Eye Jack,NA,NA,2.25E-05,2.97
CAR LEUC,Carcharhinidae,Carcharhinus leucas,Bull Shark,NA,NA,1.33E-05,2.923
CAR LIMB,Carcharhinidae,Carcharhinus limbatus,Blacktip Shark,NA,NA,5.96E-06,3.01
CAR LUGU,Carangidae,Caranx lugubris,Black Jack,NA,NA,1.98E-05,3.001
CAR OBSC,NA,Carcharhinus obscurus,Dusky Shark,NA,NA,NA,NA
CAR PERE,Carcharhinidae,Carcharhinus perezii,Reef Shark,NA,NA,4.45E-06,3.1151
CAR PLUM,NA,Carcharhinus plumbeus,Sandbar Shark,NA,NA,NA,NA
CAR RUBE,Carangidae,Caranx ruber,Bar Jack,25,NA,4.29E-06,3.236983681
CAR SPE.,Carangidae,Caranx sp.,Jack Species,NA,NA,2.48E-05,2.9499
CEN ARGI,Pomacentridae,Centropyge argi,Cherubfish,NA,NA,4.98E-05,2.7995
CEN OCYU,NA,Centropristis ocyurus,Bank Sea Bass,NA,NA,NA,NA
CEN STRI,NA,Centropristis striata,Black Sea Bass,NA,NA,NA,NA
CEN UNDE,Centropomidae,Centropomus undecimalis,Common Snook,NA,NA,5.29E-06,3.04
CEP CRUE,Serranidae,Cephalopholis cruentata,Graysby,21,16.4991,1.00E-05,3.082
CEP FULV,Serranidae,Cephalopholis fulva,Coney,22,18.5084,1.74E-05,3
CHA CAPI,Chaetodontidae,Chaetodon capistratus,Foureye Butterflyfish,2.5,NA,1.29E-06,3.19
CHA FABE,Ephippidae,Chaetodipterus faber,Atlantic Spadefish,NA,NA,0.000192079,2.683600424
CHA LIMB,Chaenopsidae,Chaenopsis limbaughi,Yellowface Pikeblenny,NA,NA,8.40E-06,2.962
CHA OCEL,Chaetodontidae,Chaetodon ocellatus,Spotfin Butterflyfish,2.5,NA,3.30E-05,2.984
CHA SEDE,Chaetodontidae,Chaetodon sedentarius,Reef Butterflyfish,2.5,NA,2.11E-05,3.076
CHA STRI,Chaetodontidae,Chaetodon striatus,Banded Butterflyfish,2.5,NA,1.61E-05,3.14
CHI ANTE,Diodontidae,Chilomycterus antennatus,Bridled Burrfish,NA,NA,0.000137006,2.752
CHI ATIN,NA,Chilomycterus atinga,Spotted Burrfish,NA,NA,NA,NA
CHI SCHO,Diodontidae,Chilomycterus schoepfii,Striped Burrfish,NA,NA,0.000137006,2.752
CHL CHRY,NA,Chloroscombus chrysurus,Atlantic Bumper,NA,NA,NA,NA
CHR ATHE,Hemiramphidae,Chriodorus atherinoides,Hardhead Halfbeak,NA,NA,3.53E-06,3.0201
CHR CYAN,Pomacentridae,Chromis cyanea,Blue Chromis,NA,NA,2.14E-05,2.9653
CHR ENCH,Pomacentridae,Chromis enchrysura,Yellowtail Reeffish,NA,NA,2.14E-05,2.9653
CHR INSO,Pomacentridae,Chromis insolata,Sunshinefish,NA,NA,2.14E-05,2.9653
CHR MULT,Pomacentridae,Chromis multilineata,Brown Chromis,NA,NA,2.14E-05,2.9653
CHR SCOT,Pomacentridae,Chromis scotti,Purple Reeffish,NA,NA,2.14E-05,2.9653
CLE PARR,Labridae,Clepticus parrae,Creole Wrasse,NA,NA,1.32E-05,3.0173
COR DICR,Gobiidae,Coryphopterus dicrus,Colon Goby,NA,NA,1.45E-05,2.987
COR EIDO,Gobiidae,Coryphopterus eidolon,Pallid Goby,NA,NA,1.45E-05,2.987
COR GLAU,Gobiidae,Coryphopterus glaucofraenum,Bridled Goby,NA,NA,1.42E-05,2.967372891
COR LIPE,Gobiidae,Coryphopterus lipernes,Peppermint Goby,NA,NA,1.45E-05,2.987
COR PERS,Gobiidae,Coryphopterus personatus,Masked Goby,NA,NA,1.45E-05,2.987
COR PUNC,Gobiidae,Coryphopterus punctipectophorus,Spotted Goby,NA,NA,1.45E-05,2.987
COR SPE.,Gobiidae,Coryphopterus sp.,Goby Species,NA,NA,1.45E-05,2.987
CRY ROSE,Scaridae,Cryptotomus roseus,Bluelip Parrotfish,NA,NA,3.32E-05,3.1816
CTE SAEP,Gobiidae,Ctenogobius saepepallens,Dash Goby,NA,NA,1.07E-05,3.01
DAC VOLI,Dactylopteridae,Dactylopterus volitans,Flying Gurnard,NA,NA,3.44E-05,2.8
DAS AMER,Dasyatidae,Dasyatis americana,Southern Stingray,NA,NA,0.000114458,2.81
DEC MACA,Carangidae,Decapterus macarellus,Mackerel Scad,NA,NA,7.08E-06,3.15
DEC PUNC,Carangidae,Decapterus punctatus,Round Scad,NA,NA,1.22E-05,2.99
DEC SPE.,NA,Decapterus sp.,Scad Species,NA,NA,NA,NA
DER INER,Serranidae,Dermatolepis inermis,Marbled Grouper,NA,NA,1.70E-05,3
DIO HOLO,Diodontidae,Diodon holocanthus,Balloonfish,NA,NA,8.76E-05,2.397867396
DIO HYST,Diodontidae,Diodon hystrix,Porcupinefish,NA,NA,0.000650965,2.472
DIO SPE.,Diodontidae,Diodon sp.,Puffer Species,NA,NA,0.000467708,2.5355
DIP ARGE,Sparidae,Diplodus argenteus,Silver Porgy,NA,NA,1.98E-05,3.0005
DIP FORM,Serranidae,Diplectrum formosum,Sand Perch,NA,NA,9.52E-06,3.0781
DIP HOLB,Sparidae,Diplodus holbrookii,Spottail Pinfish,NA,NA,1.98E-05,3.0005
DOR MEGA,Labridae,Doratonotus megalepis,Dwarf Wrasse,NA,NA,1.32E-05,3.0173
ECH NAUC,Echeneidae,Echeneis naucrates,Sharksucker,NA,NA,5.53E-06,2.9203
ECH NEUC,Echeneidae,Echeneis neucratoides,Whitefin Sharksucker,NA,NA,5.53E-06,2.9203
ELA BIPI,Carangidae,Elagatis bipinnulata,Rainbow Runner,NA,NA,1.62E-05,2.92
ELA EVEL,Gobiidae,Elacatinus evelynae,Sharknose Goby,NA,NA,5.84E-06,3.137
ELA HORS,Gobiidae,Elacatinus horsti,Yellowline Goby,NA,NA,5.84E-06,3.137
ELA MACR,Gobiidae,Elacatinus macrodon,Tiger Goby,NA,NA,5.84E-06,3.137
ELA OCEA,Gobiidae,Elacatinus oceanops,Neon Goby,NA,NA,5.84E-06,3.137
ELA RAND,Gobiidae,Elacatinus randalli,Yellownose Goby,NA,NA,5.84E-06,3.137
ELA SAUC,Gobiidae,Elacatinus saucrum,Leopard Goby,NA,NA,5.84E-06,3.137
ELA SPE.,NA,Shark sp.,Shark Species,NA,NA,NA,NA
ELA XANT,Gobiidae,Elacatinus xanthiprora,Yellowprow Goby,NA,NA,5.84E-06,3.137
ELO SAUR,Elopidae,Elops saurus,Ladyfish,NA,NA,1.49E-05,2.8798
EMB BAHA,Chaenopsidae,Emblemariopsis bahamensis,Blackhead Blenny,NA,NA,8.40E-06,2.962
EMB PAND,Chaenopsidae,Emblemaria pandionis,Sailfin Blenny,NA,NA,8.40E-06,2.962
EMM ATLA,NA,Emmelichthyops atlanticus,Bonnetmouth,NA,NA,NA,NA
ENC CARY,NA,Enchelycore carychroa,Chestnut Moray,NA,NA,NA,NA
ENC NIGR,Muraenidae,Enchelycore nigricans,Viper Moray,NA,NA,1.70E-06,3
ENN ALTI,NA,Enneanectes altivelis,Lofty Triplefin,NA,NA,NA,NA
ENN BOEH,Tripterygiidae,Enneanectes boehlkei,Roughhead Triplefin,NA,NA,1.00E-05,3.0493
EPI ADSC,Serranidae,Epinephelus adscensionis,Rock Hind,20,33.6,1.42E-05,3.0187
EPI DRUM,NA,Epinephelus drummondhayi,Speckled Hind,NA,NA,NA,NA
EPI FLAV,Serranidae,Epinephelus flavolimbatus,Yellowedge Grouper,50,NA,7.92E-05,2.8
EPI GUTT,Serranidae,Epinephelus guttatus,Red Hind,25,34.1343,8.57E-06,3.1124
EPI ITAJ,Serranidae,Epinephelus itajara,Goliath Grouper,50,97.9252,1.15E-05,3.056
EPI MORI,Serranidae,Epinephelus morio,Red Grouper,50,43.3798,1.13E-05,3.035
EPI NIVE,Serranidae,Epinephelus niveatus,Snowy Grouper,NA,NA,2.88E-05,2.93
EPI STRI,Serranidae,Epinephelus striatus,Nassau Grouper,50,48.269,3.84E-06,3.229
EQU LANC,Sciaenidae,Equetus lanceolatus,Jackknife Fish,NA,NA,1.57E-07,3.8444
EQU PUNC,Sciaenidae,Equetus punctatus,Spotted Drum,NA,NA,1.58E-07,3.844
EUC ARGE,Gerreidae,Eucinostomus argenteus,Spotfin Mojarra,NA,NA,5.41E-06,3.175
EUC GULA,Gerreidae,Eucinostomus gula,Silver Jenny,NA,NA,7.87E-06,3.25
EUC JONE,NA,Eucinostomus jonesii,Slender Mojarra,NA,NA,NA,NA
EUC LEFR,NA,Eucinostomus lefroyi,Mottled Mojarra,NA,NA,NA,NA
EUT ALLE,Scombridae,Euthynnus alletteratus,Little Tunny,NA,NA,1.63E-05,3
FIS TABA,Fistulariidae,Fistularia tabacaria,Bluespotted Cornetfish,NA,NA,1.36E-05,2.59
GAL CUVI,NA,Galeocerdo cuvieri,Tiger Shark,NA,NA,NA,NA
GER CINE,Gerreidae,Gerres cinereus,Yellowfin Mojarra,NA,NA,1.50E-05,3.0519
GIN CIRR,Ginglymostomatidae,Ginglymostoma cirratum,Nurse Shark,NA,NA,1.35E-05,2.891754982
GNA THOM,Gobiidae,Gnatholepis thompsoni,Goldspot Goby,NA,NA,5.99E-07,3.766906753
GOB DILE,Gobiidae,Gobiosoma dilepis,Orangeside Goby,NA,NA,1.45E-05,2.987
GOB SPE.,Gobiidae,Gobiosoma sp.,Goby Species,NA,NA,1.45E-05,2.987
GRA LORE,Grammatidae,Gramma loreto,Fairy Basslet,NA,NA,2.00E-05,3
GYM FUNE,Muraenidae,Gymnothorax funebris,Green Moray,NA,NA,5.71E-06,2.856
GYM MILI,Muraenidae,Gymnothorax miliaris,Goldentail Moray,NA,NA,2.94E-06,2.5736
GYM MORI,Muraenidae,Gymnothorax moringa,Spotted Moray,NA,NA,6.96E-07,3.1577
GYM NIGR,Muraenidae,Gymnothorax nigromarginatus,Blackedge Moray,NA,NA,1.18E-06,3.0426
GYM SAXI,Muraenidae,Gymnothorax saxicola,Honeycomb Moray,NA,NA,1.18E-06,3.0426
GYM VICI,Muraenidae,Gymnothorax vicinus,Purplemouth Moray,NA,NA,1.18E-06,3.0426
HAE ALBU,Haemulidae,Haemulon album,Margate,22,42.8,1.23E-05,3.07
HAE AURO,Haemulidae,Haemulon aurolineatum,Tomtate,15,13.1,6.20E-06,3.2077
HAE CARB,Haemulidae,Haemulon carbonarium,Caesar Grunt,22,NA,7.35E-05,2.74
HAE CHRY,Haemulidae,Haemulon chrysargyreum,Smallmouth Grunt,16,NA,1.17E-05,3.08
HAE FLAV,Haemulidae,Haemulon flavolineatum,French Grunt,16,17.7,9.03E-06,3.1581
HAE MACR,Haemulidae,Haemulon macrostomum,Spanish Grunt,22,NA,1.53E-05,3.06
HAE MELA,Haemulidae,Haemulon melanurum,Cottonwick,16,20.7,2.11E-05,3.0295
HAE PARR,Haemulidae,Haemulon parra,Sailors Choice,20,NA,2.02E-05,2.9932
HAE PLUM,Haemulidae,Haemulon plumierii,White Grunt,20,18,8.35E-06,3.1612
HAE SCIU,Haemulidae,Haemulon sciurus,Bluestriped Grunt,20,20.5,1.94E-05,2.9996
HAE SPE.,Haemulidae,Haemulon sp.,Grunt Species,NA,NA,2.41E-05,2.951
HAE STRI,Haemulidae,Haemulon striatum,Striped Grunt,18,NA,2.41E-05,2.951
HAL BIVI,Labridae,Halichoeres bivittatus,Slippery Dick,NA,NA,1.54E-05,2.9391
HAL CAUD,Labridae,Halichoeres caudalis,Painted Wrasse,NA,NA,1.08E-05,3.0673
HAL CYAN,Labridae,Halichoeres cyanocephalus,Yellowcheek Wrasse,NA,NA,1.08E-05,3.0673
HAL GARN,Labridae,Halichoeres garnoti,Yellowhead Wrasse,NA,NA,2.19E-06,3.375
HAL MACU,Labridae,Halichoeres maculipinna,Clown Wrasse,NA,NA,5.68E-07,3.693
HAL PICT,Labridae,Halichoeres pictus,Rainbow Wrasse,NA,NA,1.08E-05,3.0673
HAL POEY,Labridae,Halichoeres poeyi,Blackear Wrasse,NA,NA,1.08E-05,3.0673
HAL RADI,Labridae,Halichoeres radiatus,Puddingwife,30,NA,1.12E-05,3.0673
HAR HUME,Clupeidae,Harengula humeralis,Redear Sardine,NA,NA,5.56E-06,3.28
HAR JAGU,Clupeidae,Harengula jaguana,Scaled Sardine,NA,NA,5.56E-06,3.28
HEM BRAS,Exocoetidae,Hemiramphus brasiliensis,Ballyhoo,NA,NA,1.18E-06,3.249
HEM SIMU,Chaenopsidae,Hemiemblemaria simula,Wrasse Blenny,NA,NA,8.40E-06,2.962
HET CRUE,Priacanthidae,Heteropriacanthus cruentatus,Glasseye Snapper,25,NA,1.88E-05,3
HET LONG,Congridae,Heteroconger longissimus,Brown Garden Eel,NA,NA,3.39E-07,3.248
HIP EREC,NA,Hippocampus erectus,Lined Seahorse,NA,NA,NA,NA
HIP REID,NA,Hippocampus reidi,Longsnout Seahorse,NA,NA,NA,NA
HOL ADSC,Holocentridae,Holocentrus adscensionis,Squirrelfish,NA,NA,1.98E-05,3
HOL BERM,Pomacanthidae,Holacanthus bermudensis,Blue Angelfish,4.5,NA,4.02E-05,2.8994
HOL CILI,Pomacanthidae,Holacanthus ciliaris,Queen Angelfish,4.5,NA,4.24E-05,2.9004
HOL RUFU,Holocentridae,Holocentrus rufus,Longspine Squirrelfish,NA,NA,1.31E-05,3.0594
HOL SPE.,Holocentridae,Squirrelfish sp.,Squirrelfish Species,NA,NA,2.26E-05,2.9942
HOL TOWN,Pomacanthidae,Holocanthus sp.,Townsend Angelfish,NA,NA,4.02E-05,2.8994
HOL TRIC,Pomacanthidae,Holacanthus tricolor,Rock Beauty,5,NA,5.94E-05,2.8577
HYP BERM,Blenniidae,Hypleurochilus bermudensis,Barred Blenny,NA,NA,1.14E-05,3.033245596
HYP CHLO,Serranidae,Hypoplectrus chlorurus,Yellowtail Hamlet,NA,NA,7.67E-06,3.111
HYP GEMM,Serranidae,Hypoplectrus gemma,Blue Hamlet,NA,NA,7.67E-06,3.111
HYP GUMM,Serranidae,Hypoplectrus gummigutta,Golden Hamlet,NA,NA,7.67E-06,3.111
HYP GUTT,Serranidae,Hypoplectrus guttavarius,Shy Hamlet,NA,NA,7.67E-06,3.111
HYP HARR,Atherinidae,Hypoatherina harringtonensis,Reef Silverside,NA,NA,1.20E-05,2.9415
HYP HYBR,Serranidae,Hypoplectrus hybrid,Hybrid Hamlet,NA,NA,7.67E-06,3.111
HYP INDI,Serranidae,Hypoplectrus indigo,Indigo Hamlet,NA,NA,7.67E-06,3.111
HYP NIGR,Serranidae,Hypoplectrus nigricans,Black Hamlet,NA,NA,7.67E-06,3.111
HYP PUEL,Serranidae,Hypoplectrus puella,Barred Hamlet,NA,NA,7.67E-06,3.111
HYP SPE.,Serranidae,Hypoplectrus sp.,Hamlet Species,NA,NA,7.67E-06,3.111
HYP TANN,Serranidae,Hypoplectrus tann,Tan Hamlet,NA,NA,7.67E-06,3.111
HYP UNIC,Serranidae,Hypoplectrus unicolor,Butter Hamlet,NA,NA,7.67E-06,3.111
INE VITT,Inermiidae,Inermia vittata,Boga,NA,NA,1.62E-05,2.92
IST PLAT,Istiophoridae,Istiophorus platypterus,Sailfish,NA,NA,2.62E-05,2.7278
JEN SPE.,Clupeidae,Jenkinsia sp.,Herring Species,NA,NA,2.16E-07,3.62
KYP SECT,Kyphosidae,Kyphosus sectatrix,Bermuda Chub,25,NA,1.45E-05,3.08
LAB BUCC,Labrisomidae,Labrisomus bucciferus,Puffcheek Blenny,NA,NA,6.00E-06,3.181
LAB FILA,Labrisomidae,Labrisomus filamentosus,Quillfin Blenny,NA,NA,6.00E-06,3.181
LAB GOBI,Labrisomidae,Labrisomus gobio,Palehead Blenny,NA,NA,6.00E-06,3.181
LAB KALI,Labrisomidae,Labrisomus kalisherae,Downy Blenny,NA,NA,6.00E-06,3.181
LAB NIGR,Labrisomidae,Labrisomus nigricinctus,Spotcheek Blenny,NA,NA,6.00E-06,3.181
LAB NUCH,Labrisomidae,Labrisomus nuchipinnis,Hairy Blenny,NA,NA,6.00E-06,3.181
LAB SPE.,Labrisomidae,Labrisomid sp.,Labrisomid Blenny Species,NA,NA,6.00E-06,3.181
LAC BICA,Ostraciidae,Lactophrys bicaudalis,Spotted Trunkfish,NA,NA,0.000274275,2.63
LAC MAXI,Labridae,Lachnolaimus maximus,Hogfish,30,16.6,2.09E-05,2.988
LAC TRIG,Ostraciidae,Lactophrys trigonus,Trunkfish,NA,NA,0.002978731,2.1
LAC TRIQ,Ostraciidae,Lactophrys triqueter,Smooth Trunkfish,NA,NA,0.001819527,2.23
LAG RHOM,Sparidae,Lagodon rhomboides,Pinfish,NA,NA,2.09E-05,3.11
LIO EUKR,Serranidae,Liopropoma eukrines,Wrasse Basslet,NA,NA,1.52E-05,3.0038
LIO MOWB,NA,Liopropoma mowbrayi,Cave Basslet,NA,NA,NA,NA
LIO RUBE,Serranidae,Liopropoma rubre,Peppermint Basslet,NA,NA,1.52E-05,3.0038
LUT ANAL,Lutjanidae,Lutjanus analis,Mutton Snapper,40,27.578,1.57E-05,3.0112
LUT APOD,Lutjanidae,Lutjanus apodus,Schoolmaster,25,24.6,2.04E-05,2.9779
LUT BUCC,Lutjanidae,Lutjanus buccanella,Blackfin Snapper,NA,NA,1.83E-05,2.89
LUT CAMP,NA,Lutjanus campechanus,Red Snapper,NA,NA,NA,NA
LUT CYAN,Lutjanidae,Lutjanus cyanopterus,Cubera Snapper,30,NA,0.000122598,2.88
LUT GRIS,Lutjanidae,Lutjanus griseus,Gray Snapper,25,23.0172,3.05E-05,2.8809
LUT JOCU,Lutjanidae,Lutjanus jocu,Dog Snapper,30,22.92,1.59E-05,2.998
LUT MAHO,Lutjanidae,Lutjanus mahogoni,Mahogany Snapper,30,NA,8.17E-05,2.719
LUT SPE.,Lutjanidae,Snapper sp.,Snapper Species,NA,NA,1.80E-05,2.9719
LUT SYNA,Lutjanidae,Lutjanus synagris,Lane Snapper,20,20.5647,4.52E-05,2.8146
MAL AURO,Labrisomidae,Malacoctenus aurolineatus,Goldline Blenny,NA,NA,4.39E-05,2.6477
MAL GILL,Labrisomidae,Malacoctenus gilli,Dusky Blenny,NA,NA,4.39E-05,2.6477
MAL MACR,Labrisomidae,Malacoctenus macropus,Rosy Blenny,NA,NA,6.58E-05,2.72
MAL PLUM,Malacanthidae,Malacanthus plumieri,Sand Tilefish,NA,NA,6.34E-05,2.629
MAL TRIA,Labrisomidae,Malacoctenus triangulatus,Saddled Blenny,NA,NA,4.39E-05,2.6477
MAL VERS,Labrisomidae,Malacoctenus versicolor,Barfin Blenny,NA,NA,4.39E-05,2.6477
MAN BIRO,Myliobatidae,Manta birostris,Giant Manta,NA,NA,1.64E-05,3
MEG ATLA,Elopidae,Megalops atlanticus,Tarpon,NA,NA,1.25E-05,2.9838
MEL NIGE,Balistidae,Melichthys niger,Black Durgon,NA,NA,1.62E-06,3.554
MEN SPE.,NA,Menidia sp.,Silverside Species,NA,NA,NA,NA
MIC CARR,Gobiidae,Microgobius carri,Seminole Goby,NA,NA,7.90E-06,3
MIC CHRY,Pomacentridae,Microspathodon chrysurus,Yellowtail Damselfish,NA,NA,1.98E-05,3.0825
MIC MICR,Gobiidae,Microgobius microlepis,Banner Goby,NA,NA,7.90E-06,3
MON CILI,Monacanthidae,Monacanthus ciliatus,Fringed Filefish,NA,NA,5.11E-05,2.7
MON TUCK,Monacanthidae,Monacanthus tuckeri,Slender Filefish,NA,NA,8.30E-05,2.685
MUL MART,Mullidae,Mulloidichthys martinicus,Yellow Goatfish,NA,NA,4.57E-07,3.6627
MUR RETI,Muraenidae,Muraena retifera,Reticulate Moray,NA,NA,1.56E-06,2.982
MYC ACUT,Serranidae,Mycteroperca acutirostris,Western Comb Grouper,NA,NA,1.52E-05,3.0038
MYC BONA,Serranidae,Mycteroperca bonaci,Black Grouper,60,82.6,4.30E-06,3.205
MYC INTE,Serranidae,Mycteroperca interstitialis,Yellowmouth Grouper,50,47,2.16E-05,2.94
MYC MICR,Serranidae,Mycteroperca microlepis,Gag,60,68.4,1.21E-05,3.0305
MYC PHEN,Serranidae,Mycteroperca phenax,Scamp,50,48.9,2.16E-05,2.94
MYC TIGR,Serranidae,Mycteroperca tigris,Tiger Grouper,50,45.9946,7.13E-06,3.12
MYC VENE,Serranidae,Mycteroperca venenosa,Yellowfin Grouper,50,52.9475,5.00E-06,3.14
MYR BREV,Ophichthidae,Myrichthys breviceps,Sharptail Eel,NA,NA,9.89E-07,3.005
MYR JACO,Holocentridae,Myripristis jacobus,Blackbar Soldierfish,NA,NA,0.000211506,2.72
MYR OCEL,Ophichthidae,Myrichthys ocellatus,Goldspotted Eel,NA,NA,9.89E-07,3.005
NAR BANC,NA,Narcine bancroftii,Lesser Electric Ray,NA,NA,NA,NA
NEG BREV,NA,Negaprion brevirostris,Lemon Shark,NA,NA,NA,NA
NEO MARI,Holocentridae,Neoniphon marianus,Longjaw Squirrelfish,NA,NA,1.98E-05,2.9705
NES LONG,Gobiidae,Nes longus,Orangespotted Goby,NA,NA,9.16E-06,3.0205
NIC USTA,Scaridae,Nicholsina usta,Emerald Parrotfish,NA,NA,1.61E-05,3.0448
NON FISH,NA,None observed,No Observed Fishes,NA,NA,NA,NA
OCY CHRY,Lutjanidae,Ocyurus chrysurus,Yellowtail Snapper,26,19.8768,7.75E-05,2.718
ODO DENT,Sciaenidae,Odontoscion dentex,Reef Croaker,NA,NA,1.03E-05,3.0073
OGC NASU,NA,Ogcocephalus nasustus,Shortnose Batfish,NA,NA,NA,NA
OGC SPE.,Ogcocephalidae,Ogcocephalus sp.,Batfish Species,NA,NA,1.33E-05,3.0626
OLI SAUR,Carangidae,Oligoplites saurus,Leatherjack,NA,NA,1.62E-05,2.92
OPH MACC,Blenniidae,Ophioblennius macclurei,Redlip Blenny,NA,NA,0.000135377,2.379
OPI AURI,Opistognathidae,Opistognathus aurifrons,Yellowhead Jawfish,NA,NA,1.20E-05,2.995
OPI MACR,Opistognathidae,Opistognathus macrognathus,Banded Jawfish,NA,NA,1.20E-05,2.995
OPI SPE.,NA,Opistognathus sp.,Jawfish Species,NA,NA,NA,NA
OPI WHIT,Opistognathidae,Opistognathus whitehursti,Dusky Jawfish,NA,NA,1.20E-05,2.995
OPS TAU_,NA,Opsanus tau,Oyster Toadfish,NA,NA,NA,NA
ORT CHRY,Haemulidae,Orthopristis chrysoptera,Pigfish,NA,NA,6.14E-06,3.1893
OXY STIG,Gobiidae,Oxyurichthys stigmalophius,Spotfin Goby,NA,NA,1.33E-05,2.9554
PAG PAGR,Sparidae,Pagrus pagrus,Red Porgy,NA,NA,2.02E-05,3.0027
PAR ACUM,Sciaenidae,Pareques acuminatus,High Hat,NA,NA,5.46E-05,3.202
PAR ALBI,Paralichthyidae,Paralichthys albigutta,Gulf Flounder,NA,NA,5.94E-06,3.1237
PAR BAIR,Callionymidae,Paradiplogrammus bairdi,Lancer Dragonet,NA,NA,2.12E-05,2.7535
PAR FURC,Serranidae,Paranthias furcifer,Atlantic Creolefish,NA,NA,1.22E-05,3.043
PAR MARM,Blenniidae,Parablennius marmoreus,Seaweed Blenny,NA,NA,1.03E-05,3.0249
PAR MARN,Blenniidae,Paraclinus marmoratus,Marbled Blenny,NA,NA,1.03E-05,3.0249
PAR NIGR,Blenniidae,Paraclinus nigripinnis,Blackfin Blenny,NA,NA,1.03E-05,3.0249
PAR UMBR,Sciaenidae,Pareques umbrosus,Cubbyu,NA,NA,5.46E-05,3.202
PEM SCHO,Pempheridae,Pempheris schomburgkii,Glassy Sweeper,NA,NA,0.000105309,2.62
PHA XENU,Apogonidae,Phaeoptyx xenus,Sponge Cardinalfish,NA,NA,5.23E-06,3.255
POM ARCU,Pomacanthidae,Pomacanthus arcuatus,Gray Angelfish,4,NA,3.71E-05,2.968
POM PARU,Pomacanthidae,Pomacanthus paru,French Angelfish,4,NA,1.52E-05,3.1264
PRI AQUI,Lutjanidae,Pristipomoides aquilonaris,Wenchman,NA,NA,6.71E-05,2.84
PRI AREN,Priacanthidae,Priacanthus arenatus,Bigeye,25,NA,1.19E-05,3.0387
PRI HIPO,Gobiidae,Priolepis hipoliti,Rusty Goby,NA,NA,2.03E-05,2.9226
PRI OPHR,NA,Prionotus ophryas,Bandtail Searobin,NA,NA,NA,NA
PRI PECT,Pristidae,Pristis pectinata,Smalltooth Sawfish,NA,NA,1.55E-06,3.04
PRI RUBI,NA,Prionotus rubio,Blackwing Searobin,NA,NA,NA,NA
PRO ACUL,Chaetodontidae,Prognathodes aculeatus,Longsnout Butterflyfish,NA,NA,2.56E-05,3.0006
PSE MACU,Mullidae,Pseudupeneus maculatus,Spotted Goatfish,NA,NA,1.50E-05,3.0257
PTE CALL,Ptereleotridae,Ptereleotris calliura,Blue Dartfish,NA,NA,9.10E-06,3
PTE HELE,Ptereleotridae,Ptereleotris helenae,Hovering Dartfish,NA,NA,9.10E-06,3
PTE VOLI,Scorpaenidae,Pterois volitans,Red Lionfish,NA,NA,2.89E-05,2.89
RAC CANA,NA,Rachycentron canadum,Cobia,NA,NA,NA,NA
REM REMO,Echeneidae,Remora remora,Remora,NA,NA,5.53E-06,2.9203
RHI BONA,NA,Rhinoptera bonasus,Cownose Ray,NA,NA,NA,NA
RHI LENT,Rhinobatidae,Rhinobatos lentiginosus,Atlantic Guitarfish,NA,NA,3.72E-06,2.9737
RHO AURO,Lutjanidae,Rhomboplites aurorubens,Vermilion Snapper,NA,NA,2.40E-05,2.951
RYP BIST,NA,Rypticus bistispinus,Freckled Soapfish,NA,NA,NA,NA
RYP MACU,NA,Rypticus maculatus,Whitespotted Soapfish,NA,NA,NA,NA
RYP SAPO,Serranidae,Rypticus saponaceus,Greater Soapfish,NA,NA,1.52E-05,3.0038
SAR AURI,Clupeidae,Sardinella aurita,Spanish Sardine,NA,NA,4.13E-06,3.1
SAR BULL,NA,Sargocentron bullisi,Deepwater Squirrelfish,NA,NA,NA,NA
SAR CORU,Holocentridae,Sargocentron coruscum,Reef Squirrelfish,NA,NA,2.57E-05,2.9554
SAR VEXI,Holocentridae,Sargocentron vexillarium,Dusky Squirrelfish,NA,NA,2.57E-05,2.9554
SCA COEL,Scaridae,Scarus coelestinus,Midnight Parrotfish,NA,NA,1.92E-05,3.02
SCA COER,Scaridae,Scarus coeruleus,Blue Parrotfish,NA,NA,9.61E-06,3.1109
SCA CRIS,Blenniidae,Scartella cristata,Molly Miller,NA,NA,1.08E-05,2.4144
SCA GUAC,Scaridae,Scarus guacamaia,Rainbow Parrotfish,NA,NA,1.34E-05,3.0626
SCA ISER,Scaridae,Scarus iseri,Striped Parrotfish,NA,NA,1.59E-05,3.02
SCA SPE.,Scaridae,Scarus sp.,Parrotfish Species,NA,NA,1.67E-05,3.0455
SCA TAEN,Scaridae,Scarus taeniopterus,Princess Parrotfish,NA,NA,1.77E-05,3
SCA VETU,Scaridae,Scarus vetula,Queen Parrotfish,NA,NA,1.67E-05,3.0455
SCH BETA,Serranidae,Schultzea beta,School Bass,NA,NA,1.52E-05,3.0038
SCI SPE.,NA,Scianid sp.,Drum Species,NA,NA,NA,NA
SCO CARI,Scorpaenidae,Scorpaenodes caribbaeus,Reef Scorpionfish,NA,NA,2.73E-05,2.9581
SCO CAVA,Scombridae,Scomberomorus cavalla,King Mackerel,NA,NA,8.42E-06,2.999
SCO MACU,Scombridae,Scomberomorus maculatus,Spanish Mackerel,NA,NA,5.97E-06,3.002
SCO PLUM,Scorpaenidae,Scorpaena plumieri,Spotted Scorpionfish,NA,NA,2.75E-05,2.9486
SCO REGA,Scombridae,Scomberomorus regalis,Cero,41,NA,3.20E-05,2.8
SEL VOME,Carangidae,Selene vomer,Lookdown,NA,NA,1.64E-05,3.075752861
SER ANNU,Serranidae,Serranus annularis,Orangeback Bass,NA,NA,2.72E-05,2.8528
SER BALD,Serranidae,Serranus baldwini,Lantern Bass,NA,NA,1.18E-05,3.0358
SER DUME,Carangidae,Seriola dumerili,Greater Amberjack,NA,NA,5.03E-05,2.809148045
SER PHOE,Serranidae,Serranus phoebe,Tattler,NA,NA,2.72E-05,2.8528
SER RIVO,Carangidae,Seriola rivoliana,Almaco Jack,NA,NA,4.33E-06,3.17
SER SPE.,Carangidae,Seriola sp.,Jack Species,NA,NA,3.41E-05,2.879
SER SUBL,Serranidae,Serranus subligarius,Belted Sandfish,NA,NA,2.72E-05,2.8528
SER TABA,Serranidae,Serranus tabacarius,Tobaccofish,NA,NA,2.72E-05,2.8528
SER TIGR,Serranidae,Serranus tigrinus,Harlequin Bass,NA,NA,1.30E-05,3.0475
SER TORT,Serranidae,Serranus tortugarum,Chalk Bass,NA,NA,2.72E-05,2.8528
SER ZONA,NA,Seriola zonata,Banded Rudderfish,NA,NA,NA,NA
SPA ATOM,Scaridae,Sparisoma atomarium,Greenblotch Parrotfish,NA,NA,1.53E-05,3.0252
SPA AURO,Scaridae,Sparisoma aurofrenatum,Redband Parrotfish,NA,NA,1.75E-06,3.429
SPA CHRY,Scaridae,Sparisoma chrysopterum,Redtail Parrotfish,NA,NA,6.68E-06,3.1708
SPA RADI,Scaridae,Sparisoma radians,Bucktooth Parrotfish,NA,NA,1.53E-05,3.0252
SPA RUBR,Scaridae,Sparisoma rubripinne,Yellowtail Parrotfish,NA,NA,1.94E-05,3
SPA SPE.,Scaridae,Sparisoma sp.,Parrotfish Species,NA,NA,1.53E-05,3.0252
SPA VIRI,Scaridae,Sparisoma viride,Stoplight Parrotfish,NA,NA,3.00E-05,2.9214
SPH BARR,Sphyraenidae,Sphyraena barracuda,Great Barracuda,35,NA,7.47E-06,2.972
SPH GUAC,Sphyraenidae,Sphyraena guachancho,Guaguanche,NA,NA,1.74E-05,2.88
SPH LEWI,Sphyrnidae,Sphyrna lewini,Scalloped Hammerhead,NA,NA,2.08E-06,3.129
SPH MOKA,Sphyrnidae,Sphyrna mokarran,Great Hammerhead,NA,NA,1.31E-06,3.16
SPH NEPH,NA,Sphoeroides nephelus,Southern Puffer,NA,NA,NA,NA
SPH PICU,Sphyraenidae,Sphyraena picudilla,Southern Sennet,NA,NA,7.66E-06,2.9417
SPH SPEN,Tetraodontidae,Sphoeroides spengleri,Bandtail Puffer,NA,NA,5.79E-06,3.267
SPH TEST,Tetraodontidae,Sphoeroides testudineus,Checkered Puffer,NA,NA,2.25E-05,3.008
SPH TIBU,Sphyrnidae,Sphyrna tiburo,Bonnethead,NA,NA,2.97E-07,3.372
SRR SPE.,,Serranid sp.,Grouper Sea Bass Species,NA,NA,NA,NA
STE ADUS,Pomacentridae,Stegastes adustus,Dusky Damselfish,NA,NA,4.49E-05,2.8956
STE DIEN,Pomacentridae,Stegastes diencaeus,Longfin Damselfish,NA,NA,3.95E-05,2.9236
STE HISP,Monacanthidae,Stephanolepis hispidus,Planehead Filefish,NA,NA,0.000120254,2.618
STE LEUC,Pomacentridae,Stegastes leucostictus,Beaugregory,NA,NA,3.93E-05,2.8868
STE PART,Pomacentridae,Stegastes partitus,Bicolor Damselfish,NA,NA,1.28E-05,3.1519
STE PLAN,Pomacentridae,Stegastes planifrons,Threespot Damselfish,NA,NA,5.27E-05,2.8569
STE SPE.,NA,Stegastes sp.,Damselfish Species,NA,NA,NA,NA
STE VARI,Pomacentridae,Stegastes variabilis,Cocoa Damselfish,NA,NA,4.72E-05,2.8365
STR NOTA,Belonidae,Strongylura notata,Redfin Needlefish,NA,NA,2.64E-06,2.9394
STR TIMU,Belonidae,Strongylura timucu,Timucu,NA,NA,2.64E-06,2.9394
STY LATE,NA,Stygnobrotula latebricola,Black Brotula,NA,NA,NA,NA
SYA MICR,Paralichthyidae,Syacium micrurum,Channel Flounder,NA,NA,2.49E-06,3.285
SYG SPE.,NA,Syngnathus sp.,Pipefish Species,NA,NA,NA,NA
SYN FOET,Synodontidae,Synodus foetens,Inshore Lizardfish,NA,NA,9.03E-06,2.9787
SYN INTE,Synodontidae,Synodus intermedius,Sand Diver,NA,NA,9.93E-06,2.9988
SYN SCOV,NA,Syngnathus scovelli,Gulf Pipefish,NA,NA,NA,NA
SYN SYNO,NA,Synodus synodus,Red Lizardfish,NA,NA,NA,NA
THA BIFA,Labridae,Thalassoma bifasciatum,Bluehead,NA,NA,1.30E-05,2.9162
TRA FALC,Carangidae,Trachinotus falcatus,Permit,NA,NA,8.36E-05,2.803
TRA GOOD,NA,Trachinotus goodei,Palometa,NA,NA,NA,NA
TRA LATH,NA,Trachurus lathami,Rough Scad,NA,NA,NA,NA
TYL CROC,Belonidae,Tylosurus crocodilus,Houndfish,NA,NA,4.99E-07,3.205
UMB CORO,NA,Umbrina coroides,Sand Drum,NA,NA,NA,NA
UNK SPE.,,Unknown sp.,Unknown Species,NA,NA,NA,NA
UPE PARV,NA,Upeneus parvus,Dwarf Goatfish,NA,NA,NA,NA
URO JAMA,Urolophidae,Urobatis jamaicensis,Yellow Stingray,NA,NA,5.95E-06,3.0826
XYR MART,Labridae,Xyrichtys martinicensis,Rosy Razorfish,NA,NA,0.000118023,2.4927
XYR NOVA,Labridae,Xyrichtys novacula,Pearly Razorfish,NA,NA,0.000118023,2.4927
XYR SPE.,Labridae,Razorfish sp.,Razorfish Species,NA,NA,0.000118023,2.4927
XYR SPLE,Labridae,Xyrichtys splendens,Green Razorfish,NA,NA,0.000118023,2.4927
